Bucket1,Bucket2,Bucket3,Bucket4,Bucket5
Electronics (volume: 154.08),,camshelving elements starter unit w x l x h withstands temperatures (volume: 55296.0),tuscan island l x w x h (volume: 67584.0),
display screen tft mimic board resolution x rgb x (volume: 154.08),,construction plastic width side side depth front back posts uprights shelves style louvered height (volume: 55296.0),construction wood base construction wood (volume: 67584.0),
colored cable (volume: 154.08),,cambro shelving unit plastic camshelves (volume: 55296.0),john boos tuscan island culinary depot (volume: 67584.0),
product name epson stylus photo inkjet x photo printer (volume: 1.3),,,,
epson stylus photo inkjet x printer specs printers (volume: 1.3),,,,
measures h x l includes hellip (volume: 108.0),,,,
you flowers com (volume: 108.0),,,,
efficiency (volume: 100.0),,,,
frequency mhz gain dbi dbi gain dbd dbd (volume: 100.0),,,,
signal (volume: 100.0),,,,
Home Improvement (volume: 487.2),,,,
buy bradburnhome moonshine petal ceramic votive h x w x d (volume: 216.0),,,,
bradburnhome moonshine petal ceramic votive h x w d staples (volume: 216.0),,,,
furniture (volume: 1332.0),,,,
item details product i (volume: 3105.75),,,,
arm chair (volume: 1332.0),,,,
mixology tooth pick stirstick organizer h stainless steel (volume: 3.0),,,,
manufacturer cal mil plastics model number cal packed (volume: 3.0),,,,
cal mil plastics condiment caddy countertop organizer (volume: 3.0),,,,
Clothing (volume: 13.973333333333334),,,,
garment dimensions size chest body length sleeve s m l xl (volume: 3.8),,,,
hanes mens tagless t shirt (volume: 3.8),,,,
men s sizes (volume: 0.12),,,,
waist hip xs sm md l xl shoes girls us euro uk inches centimeters shoes guys us euro uk inches centimeters (volume: 0.12),,,,
topic (volume: 0.12),,,,
hand carved detail (volume: 5568.0),,,,
manor queen bed (volume: 5568.0),,,,
size chart size size range bust size (volume: 38.0),,,,
ladies decatur pima (volume: 38.0),,,,
storage shelfblue h x folded w x folded d (volume: 30.0),,,,
bookcases quill com (volume: 30.0),,,,
w vdc input range (volume: 75.0),,,,
output chassis mount vdc isolation dc converter models cui (volume: 75.0),,,,
insert size w x h cord length weight lbs (volume: 374.0),,,,
quote (volume: 374.0),,,,
acrylic sign holder (volume: 374.0),,,,
