source,text,depth,depth_text,depth_unit,depth_unit_text,height,height_text,height_unit,height_unit_text,length,length_text,length_unit,length_unit_text,width,width_text,width_unit,width_unit_text,weight,weight_text,weight_unit,weight_unit_text,power,power_text,power_unit,power_unit_text,accuracy,line,field,bin
offers_corpus_english_v2_1000.jsonl,,,,,,,,,,,,,,,,,,1.0,1 g,g,1 g,,,,,0.75,24,spec_table_content,handling references images application details target details back to top handling show hide format liquid concentration 1 g l buffer aqueous buffered solution containing 1 bsa 50 glycerol and 0 09 sodium azide preservative sodium azide precaution of use this product contains sodium azide a poisonous and hazardous substance which should be handled by trained staff only storage 20 c storage comment store at 20 c expiry date 12 months
offers_corpus_english_v2_1000.jsonl,,,,,,,,,,,,,,,,,,1.7,1 7 oz,oz,1 7 oz,,,,,0.5,88,description,designed specifically for a the adventurous home bartender or chef our citrus bitters will be a welcome addition to your mixology and cooking prowess we like to call citrus our full spectrum bitters rather than focus on a simple fruit we decide on from as many as 4 types of citrus pith for this recipe the result is fantastic full bright and aromatic it s the most versatile bitter we ve ever tasted fantastic in cooking too the 1 7 oz citrus comes in a smaller travel friendly package and a great gift for anyone in your life that has taste buds that is this product is excluded from our free shipping offer due to size and weight restrictions
offers_corpus_english_v2_1000.jsonl,,,,,,,,,,,,,,,,,,180.0,180 g,g,180 g,,,,,0.5,97,description,produktinformation reebok classics f classic leggings automatisch erstellte bersetzung urspr ngliche beschreibung hier vorhanden wir haben unsere basic leggings neu erfunden das ergebnis ist eine schmalere silhouette mit besserem halt als starke basis f r deinen klassischen style bereit f rs workout und alles andere ist diese leggings ein dauerbrenner merkmale 180 g strickmaterial aus baumwolle polyester f r eine angenehme vorteilhafte passform fitted das athletische design passt sich deinem k rper an und ist auch bei hoch intensiven workouts nie im weg kn chellanger schnitt der sich beim workout und in der freizeit gut macht stretchbund f r elastischen tragekomfort der sich mit dir streckt kontrastfarbener einsatz an der seite als kultiger hingucker das klassische reebok siebdruck logo am beinsaum sorgt f r eine prise markenflair probieren sie mal ganz bequem von ihrem haus aus von ihrem online shop einzukaufen kaufen sie zum beispiel reebok classics f classic leggings mit der niedrig preis garantie warten sie nicht l nger und entdecken sie auch unsere relatierten produkte in der damenkleidung kategorie welche ihre bestellung erg nzen k nnten wir von dressinn bieten ihnen exzellenten und effizienten liefer und kundenservice f r mehr information auf nachstehenden link klicken spezifikationen f r mehr information auf nachstehenden link klicken handbuch gr ssentabelle
offers_corpus_english_v2_1000.jsonl,,,,,,,,,,,,,,,,,,706.0,706 g,g,706 g,,,,,0.5,101,description,"more short summary description gigaset sx353 isdn dect black this short summary of the gigaset sx353 isdn dect black data sheet is auto generated and uses the product title and the first six key specs gigaset sx353 isdn dect telephone 25 min 1968 5 50 m 11811 300 m black 100 entries long summary description gigaset sx353 isdn dect black gigaset sx353 isdn type dect telephone recording time 25 min maximum indoor range 1968 5 50 m color of product black phonebook capacity 100 entries display number of lines 4 lines weight 24 9 oz 706 g base dimensions 3 23 x 8 27 x 9 65 82 x 210 x 245 mm this is an auto generated long summary of gigaset sx353 isdn dect black based on the first three specs of the first five spec groups ,  null"
offers_corpus_english_v2_1000.jsonl,,,,,,,,,,,,,,,,,,24.0,24 oz,oz,24 oz,,,,,0.5,102,description,the 43 552l 24 oz kevlar hot mill gloves w grip l from pip is available from tundra restaurant supply as well as other oven mitts
offers_corpus_english_v2_1000.jsonl,,,,,,,,,,,,,,,,,,55.0,55 g,g,55 g,,,,,0.5,118,description,tv h runterst tzung ohne andere zu st ren individuelle lautst rke regelung kabellose bertragung auswechselbare akkus mit diesem innovativen h rer verstehen sie musik oder tv sendungen besser ohne dabei ihre mitmenschen zu st ren toll dank individueller lautst rkenregelung stellen sie f r jedes ohr die passende lautst rke ein die tv h rhilfe sitzt dank kinnb gel leicht am ohr und bietet ihnen angenehmen tragekomfort darum ist sie auch f r brillentr ger geeignet ein echtes fliegengewicht mit seinen 55 gramm sp ren sie ihren neuen h rverst rker kaum kabellos dank infrarot bis zu 7 meter reichweite und ein extra lauter klang von bis zu 125 db berzeugen und wenn sie den h rer gerade mal nicht brauchen laden sie ihn einfach auf der dazugeh rigen ladestation tv h runterst tzung ideal f r h rgesch digte und ltere menschen lautst rke separat f r jedes ohr einstellbar kabellose ton bertragung per infrarot transmitter mono reichweite bis 7 meter extra laut mit 125 db endlich verstehen sie alles ohne andere zu st ren langlebige akkus 2x aaa auswechselbar bequemes aufladen ber die mitgelieferte ladestation ladezeit 4 6 stunden 3 5 mm stecker kabell nge 130 cm integriert z b f r ihren mp3 player ma e ladestation 150 x 82 x 45 mm h rer 155 x 194 x 25 mm nur 55 g leicht infrarot h rsystem inklusive dockingstation mit netzteil akkus und deutscher anleitung
offers_corpus_english_v2_1000.jsonl,,,,,,154.08,154 08 h,,,,,,,,,,,,,,,86.58,86 58 v,v,86 58 v,0.125,125,spec_table_content,display screen 7 tft 16 9 mimic board resolution 480 x rgb x 234 visible area 154 08 h x 86 58 v input voltage ac100v 240v 50hz 60hz output voltage dc15v output current 1200ma calls delay time 120s 10 surveillance delay time 60s 10 effective distance 50m 4 x 0 65mm2 power consumption static 0 5w calls 10w image transmission distance about200m viewing angle 92 working temperature 10 50 relative temperature 10 90 kh package size 36 x 28 x 10cm indoor machine 26 x 16 5 x 2 5cm outdoor machine 12 5 x 8 x 3 5cm weight 3421g 120 67oz package included
offers_corpus_english_v2_1000.jsonl,,,,,,,,,,,,,,,,,,66.0,66 lbs,lbs,66 lbs,,,,,0.5,129,description,p the econo mizer four foot bench would make an ideal garden bench manufactured from 100 recycled plastic this bench is maintenance free never any painting sealing sanding or splinters eco friendly for those looking for an altenative that is a green product the econo mizer series of benches was designed for the user on a tight budget features the same style and durability that is found in all of our recycled plastic benches p ul li 100 recycled plastic components provide durability li li stainless fasteners require no maintenance li li no rotting unaffected by insects no splinters li li length 48 quot li li height 17 3 8 quot li li seat width 14 quot li li total height 32 1 4 quot li li total depth 26 1 8 quot li li weight 66 lbs li li complete or partial assembly required li ul p nbsp p p nbsp p p nbsp p p nbsp p p nbsp p
offers_corpus_english_v2_1000.jsonl,,,,,,,,,,,,,,1.3,1 3 w,,,,,,,,,,,0.08333333333333333,147,description,"long product name epson stylus photo r1800 inkjet 5760 x 1440dpi photo printer the short editorial description of epson stylus photo r1800 inkjet 5760 x 1440dpi photo printer stylus photo r1800 a3 5760dpi usb ,  more short summary description epson stylus photo r1800 inkjet 5760 x 1440dpi photo printer this short summary of the epson stylus photo r1800 inkjet 5760 x 1440dpi photo printer data sheet is auto generated and uses the product title and the first six key specs epson stylus photo r1800 inkjet 5760 x 1440 dpi a3 a4 a5 a6 b5 47 db 18 w long summary description epson stylus photo r1800 inkjet 5760 x 1440dpi photo printer epson stylus photo r1800 print technology inkjet maximum resolution 5760 x 1440 dpi iso a series sizes a0 a9 a3 a4 a5 a6 iso b series sizes b0 b9 b5 noise level 47 db power consumption standby 18 w power consumption sleep 1 3 w dimensions wxdxh 615 x 314 x 219 mm connectivity technology wired standard tray media types photo paper this is an auto generated long summary of epson stylus photo r1800 inkjet 5760 x 1440dpi photo printer based on the first three specs of the first five spec groups"
offers_corpus_english_v2_1000.jsonl,,,,,,12.0,12 h,,,9.0,9 l,,,,,,,,,,,,,,,0.16666666666666666,189,description,even the easter bunny himself would have a difficult time crafting a bouquet as perfect as this one tulips daisies anthos and limonium are skillfully arranged in a clear gathering vase to highlight every bloom and underscore how wonderfully they all blend together measures 12 h x 9 l includes hellip
offers_corpus_english_v2_1000.jsonl,,,,,,,,,,,,,,,,,,10.92,10 92 lbs,lbs,10 92 lbs,,,,,1,191,key_value_pairs,"{'brand': 'sugar kake', 'free of': 'n a', 'weight': '10 92 lbs', 'count': '13 oz 368 g x 12', 'serving': '3 cookies', 'servings': 'about 12 per pack', 'sanacause points': '20'}"
offers_corpus_english_v2_1000.jsonl,,,,,,,,,,,,,,,,,,368.0,368 g,g,368 g,,,,,0.75,191,spec_table_content,brand sugar kake free of n a weight 10 92 lbs count 13 oz 368 g x 12 serving 3 cookies servings about 12 per pack sanacause points 20
offers_corpus_english_v2_1000.jsonl,,,,,,,,,,,,,,,,,,5.0,5 kg,kg,5 kg,,,,,0.5,219,description,product beschrijving dakine over under 49l automatische vertaling originele beschrijving is hier beschikbaar kenmerken uitbreidbaar compartimentsplit level design zorgt voor een gemakkelijke toegangbuitenkant organisator zakkenuitschuifbaar handvatvervangbare urethaan wielenspecificaties 3000 cu in 49l 23 x 14 x 13 5 59 x 36 x 35cm 7 75 3 5 kg uitgebreid 3900 cu in 64l 23 x 14 x 16 5 59 x 36 x 42cm materiaal 600d polyester600d polyester ripstop600d polyester heather bij bikeinn laten wij alle kenmerken zien van dakine over under 49l in onze winkel vindt u verschillende maten voor dakine over under 49l veilig betalen en gegarandeerde verzending ontdek bovendien meer dergelijke producten van dakine over under 49l en maak gebruik van onze andere aanbiedingen in uitrusting klik op de link om meer informatie te krijgen over specificaties klik op de link om meer informatie te krijgen over gebruiksaanwijzing maattabel
offers_corpus_english_v2_1000.jsonl,,,,,,,,,,,,,,100.0,100 w,,,3.0,3 lb,lb,3 lb,,,,,0.125,221,spec_table_content,specific frequency 896 940 mhz gain dbi 5 15 dbi gain dbd 3 dbd maximum vswr 2 0 1 maximum power 100 w rf connectors n female connector placement bottom type of jumper included none type of hardware included none maximum rated wind velocity 100 item length 25 in item weight 3 lb mfg warranty 5 years
offers_corpus_english_v2_1000.jsonl,,,,,,,,,,,,,,,,,,0.015,0 015 kg,kg,0 015 kg,,,,,0.75,225,spec_table_content,marke hersteller projahn pr zisionswerkzeuge gmbh zustand neu sku artikelnr t 55483 sku hersteller 35063 gtin code ean 4000146350638 gewicht 0 015 kg
offers_corpus_english_v2_1000.jsonl,,,,,,,,,,,,,,5.0,5 w,,,,,,,30.0,30 v,v,30 v,0.125,286,spec_table_content,schutzart ip20 umgebungstemperatur betrieb 25 c 55 c umgebungstemperatur lagerung transport 25 c 85 c zul ssige luftfeuchtigkeit betrieb 10 95 nach din en 61131 2 zul ssige luftfeuchtigkeit lagerung transport 10 95 nach din en 61131 2 luftdruck betrieb 70 kpa 106 kpa bis 3000 m nn luftdruck lagerung transport 70 kpa 106 kpa bis 3000 m nn schock 25g kriterium 1 nach iec 60068 2 27 vibration betrieb 5g schnittstelle interbus lokalbus master anschlussart inline datenrangierer bertragungsgeschwindigkeit 500 kbaud 2 mbaud umschaltbar schnittstelle parametrierung bedienung diagnose anschlussart rs 232 c 6 polige mini din buchse ps 2 ethernet 10 100 rj45 bertragungsgeschwindigkeit max 115 2 kbit s schnittstelle ethernet 10base t 100base tx anschlussart rj45 buchse bertragungsgeschwindigkeit 10 100 mbit s stromaufnahme typisch 210 ma stromaufnahme maximal 870 ma 370 ma logikversorgung 500 ma analog spannungsversorgung versorgungsspannung 24 v dc versorgungsspannungsbereich 19 2 v dc 30 v dc restwelligkeit 5 verlustleistung max 5 w anzahl der prozessdaten max 4096 bit interbus max 32768 bit interner modbus client anzahl der unterst tzten teilnehmer max 128 anzahl der anschlie baren lokalbus teilnehmer max 63 stromaufnahme ist zu beachten anzahl der teilnehmer mit parameterkanal max 24 anzahl unterst tzter abzweigklemmen mit fernbusstich max 3 benennung eingang digitale eing nge anzahl der eing nge 8 anschlussart inline potenzialverteiler beschreibung des eingangs en 61131 2 typ 1 npn pnp benennung ausgang digitale ausg nge anzahl der ausg nge 4 anschlusstechnik 2 3 4 leiter maximaler ausgangsstrom je kanal 500 ma ohne analogen eingang ja ohne analogen ausgang ja ohne puls richtungs ausgang ja ohne z hlereingang ja programmierwerkzeug pc worx pc worx express programmspeicher 512 kbyte 43 k anweisungen il datenspeicher 512 kbyte remanenter datenspeicher 48 kbyte nvram anzahl steuerungs tasks 8 echtzeituhr ja
offers_corpus_english_v2_1000.jsonl,,,,,,,,,,,,,,,,,,13.0,13 g,g,13 g,,,,,0.5,321,description,y zde y z uyum garant s detaylari n tiklayiniz 100 uyum garant s y zde y z uyum garant s ncelemekte oldu unuz r nde kopyala yap t r y ntemiyle hayali r n olu turan yap lardan korunmak amac yla temsili resim kullan lm t r yay nlad m z t m uyumluluk bilgileri uzman r n y neticilerimiz taraf ndan yap lan test ve kontroller neticesinde elde edilmekte ve uyum garantisi sa land ktan sonra yay na sunulmaktad r bu r n belirtilen model par a kodu ve r n a klamalar er evesinde cihaz n zla y zde y z uyumludur stisnai durumlarda uyumsuzlu un ispatlanmas ko uluyla hatal uyumsuz r n n geri g nderilmesi ve do ru r n n sevk edilmesiyle ilgili t m kargo giderleri firmam za aittir geri g nderimin anla mal oldu umuz kargo firmas ile yap lmas gerekmektedir marka retro durumu yeni r n h creler cells li ion 6 cell voltaj v 11 1 kapasite mah 4400 g wh 49 renk siyah notlar bu bataryan n volt v ve amper saat mah de erleri kullanmakta oldu unuz bataryadan farkl olabilir bu durum 100 uyum a s ndan hi bir sorun te kil etmemektedir volt v bataryan n i erisindeki h cre cell say s ile ilgilidir rne in 14 4v 14 8v bir batarya 4 8 adet silindirik li ion h cre i erir 10 8v 11 1v bir batarya ise 3 6 adet silindirik li ion h cre i erir amper saat mah bataryan n kapasitesini ifade etmektedir rne in yeni bir 5200mah batarya cihaz n z yakla k 2 5 saat al t r yorsa yeni bir 4400mah batarya ayn cihaz yakla k 2 saat s re ile al t racakt r watt saat wh bataryan n g c n ifade eder wh v x mah eklinde hesaplan r bataryan z n uzun m rl olmas in bunlara dikkat batarya kullan m ekli pil h crelerinin mr a s ndan ok nemlidir bir notebook bataryas n maksimum verimle uzun m rl kullanmak i in a a daki hususlara dikkat edilmesi gerekir 1 bataryay s rekli canl tutunuz haftada en az bir kez de arj ve arj i lemini ger ekle tiriniz uzun s re arj de arj i lemi yap lmazsa h creler enerji depolama zelli ini yitirmeye ba larlar 2 notebooku m mk n olduk a batarya ile kullan n z g adapt r ile al rken bataryan n 100 dolu oldu u ikaz n al nca adapt r ba lant s n kesiniz arj adapt r ile uzun s reli kullan mlarda genellikle notebookun desktop olarak kullan ld durumlar bataryan n arj de arj i lemi ihmal edilebilmektedir 3 bataryadaki enerji seviyesinin 5 in alt na d mesine izin vermeyiniz notebookunuzdaki g se enekleri ayarlar ndan kritik arj seviyesini d zenleyebilirsiniz batarya enerji seviyesi 0 mertebesine indi inde pillerin ilk arj almas g le mekte ve ayr ca enerjisinin asla kesilmemesi gereken batarya i devresi bozulabilmektedir bu durumda pil h creleri sa lam olsa bile batarya sa l kl bir ekilde al mayacakt r 4 notebookunuzun so utma sisteminin sa l kl bir ekilde al p al mad na dikkat ediniz aksi takdirde a r s dan dolay pil h creleri zarar g r p zelliklerini yitirebilirler 5 batarya kullan m zaruri de il ise ve bataryan n y llarca sa l kl kalmas isteniyorsa 100 dolu bir ekilde kuru bir ortamda muhafaza edilmeli haftada bir kez de arj arj i lemi uygulanarak canl tutulmal d r 6 notebook al r durumda iken batarya s kme takma i lemi yap lmamal d r hem notebook hem de bataryan n s hhati a s ndan bu konuya dikkat edilmelidir 7 bataryan n notebooka ba lant noktalar kesinlikle k sa devre edilmemelidir 8 batarya kesinlikle nemden s v temas ndan ve a r s dan korunmal d r 9 notebooka herhangi bir ekilde s v temas oldu unda ilk olarak enerji kesilip batarya s k lmelidir s v temas n n notebooka verebilece i zararlar en aza indirmek bu ekilde m mk n olacakt r 10 batarya yuvas na tam oturmuyor ise zorlanmamal fiziksel hasarlardan ka nmal ve bir servise ba vurulmal d r 11 notebook mutlaka arkas nda yazan input volt ve amper de erlerini asgaride ta yan yeterli g seviyesine watt sahip bir g adapt r ile kullan lmal d r aksi durumda notebook al sa bile batarya arj ger ekle mez ve h creler zamanla canl l klar n yitirirler 12 batarya kullan m s resi notebookun o anda ne kadar enerji harcad ile alakal d r notebook zerinde enerji harcayan bir ok donan m mevcuttur cpu vga chip fanlar speakerlar hdd ve optik s r c motoru wireless lan bluetooth usb ayg tlar vs bu donan mlar n de i ik kullan m kombinasyonlar farkl s relerde batarya mr anlam na gelmektedir dolay s yla bataryan zdan her ekilde ayn kullan m s resini beklemeyiniz bataryan z sadece internette dola rken 3 saat dayan yorsa 3d oyun oynarken vga chip cpu fanlar speakerlar yo un olarak devrede 1 5 saat veya y ksek sesle cd den m zik dinlerken optik s r c motoru speakerlar yo un olarak devrede 2 saat dayanmas normaldir 13 g adapt r notebooka ba l iken batarya enerji seviyesi 1 puan bile ilerlemiyorsa ncelikle notebookun batarya arj devresinin sa lam olup olmad kontrol edilmeli ettirilmelidir batarya arj devresi ar zal ise gereksiz yere yeni bir batarya sat n alm olabilirsiniz 14 batarya mr azald nda kesinlikle oklama y ntemine ba vurmay n z bataryan z n kalan mr n de bu ekilde t ketmi olacaks n z oklama bataryaya ge ici bir kapasite kazand r r ve k sa s re sonra batarya tamamen mr n yitirir 15 batarya mr azald nda veya batarya arj olmad nda pil h crelerini de i tirmek yayg n olarak kullan lan bir y ntemdir ancak o unlukla zaman para ve kaynak israf ile sonu lanmaktad r h cre de i imi bilin li ve profesyonelce yap ld nda verimli olabilmekte batarya i devresi sa lam olmak kayd yla ancak bu i lemin maliyeti de yeni bir batarya bedeline yakla maktad r 16 batarya ar zalar n n b y k bir k sm batarya i erisindeki kontrol devresi ile ilgilidir bunun bir ok sebebi olabilir adapt r ar zas yanl adapt r kullan m elektrik seviyesindeki dengesizlikler elektronik komponent m rleri vs ancak h cre de i imi y ntemi bataryadaki bu problemi ortadan kald rmaz yeni bir batarya almak ka n lmazd r 17 yeni al nan bir bataryan n ilk kullan m ok nemlidir ve bataryan n gelecekteki mr ve performans b y k oranda ilk kullan mda belirlenir yeni ald n z bataryay ilk olarak u ekilde kullan n z batarya notebooka ba l ve notebook kapal vaziyette iken cihaz yakla k 10 12 saat arjda b rak n z notebooku al t rd n zda bataryan n 100 dolmu oldu unu g receksiniz bataryay 5 seviyesine kadar de arj edip tekrar 100 oluncaya kadar arj ediniz bu i lemi 4 5 kez tekrar ediniz bataryan z gelecekteki kullan m i in en verimli ekilde haz rlanm olacakt r
offers_corpus_english_v2_1000.jsonl,,,,,,,,,,,,,,,,,,4400.0,4400 g,g,4400 g,,,,,0.75,321,spec_table_content,r n kodu 574478 qv 3782 fiyat 16 12 usd kdv 62 67 tl kdv kdv dahil 19 02 usd 73 96 tl garanti 24 ay stok var marka retro durumu yeni r n h creler cells li ion 6 cell voltaj v 11 1 kapasite mah 4400 g wh 49 renk siyah notlar
offers_corpus_english_v2_1000.jsonl,,6.0,6 d,,,6.0,6 h,,,,,,,6.0,6 w,,,,,,,,,,,0.25,339,description,buy bradburnhome moonshine petal ceramic votive 6 h x 6 w x 6 d at staples low price or read our customer reviews to learn more now
offers_corpus_english_v2_1000.jsonl,,,,,,,,,,,,,,,,,,1.4,1 4 oz,oz,1 4 oz,,,,,0.5,355,description,a fabulous sparkle of angelina in steely1 4 oz
offers_corpus_english_v2_1000.jsonl,,,,,,,,,,,,,,,,,,0.0,0 00 lbs,lbs,0 00 lbs,,,,,0.75,426,spec_table_content,color primary red graphics style evo 14 series position shroud type tank shroud graphic units kit weight 0 00 lbs color primary red graphics style evo 14 series position shroud type tank shroud graphic units kit weight 0 00 lbs
offers_corpus_english_v2_1000.jsonl,,200.0,200 d,,,16.0,16 h,,,,,,,,,,,115.0,115 g,g,115 g,,,,,0.16666666666666666,461,description,description en d tails tarifs d gr ssifs description pavillon du burgenland avec deux oeillets en acier inoxydable dimensions 60 x 90 cm fabriqu en polyester haut de gamme de qualit marine gauche ce pavillon est renforc par un sangle de couleur blanche tandis que les autres bords disposent d une double couture pour une r sistance lev e contre les d chirures autres d tails pavillon de haute qualit pour une grande durabilit impression num rique avec excellente saturation des couleurs riches et brillantes lavable et repassable basse temp rature pour en savoir plus sur les drapeaux du burgenland vendre chez nous en d tails r f rence 8678 marque maxflags pavoisement et communication publicitaire dimensions env 60 x 90 cm mati res mat riels tissu polyester de qualit marine maille bloqu e 115 g m extr mement r sistant contre les d chirures longue dur e de vie accessoires pavillon avec double couture sur les bords deux oeillets en acier inoxydable utilisations utilisation priv e sur la maison et dans le jardin utilisation commerciale concessionnaires restaurants h tels bateaux livraison livraison rapide en 2 5 jours ouvr s et livraison gratuite d s 200 d achat dans toute la france m tropolitaine toute commande pass e et pay e en semaine avant 16 h 30 sera exp di e le jour m me recherche associ drapeau burgenland tarifs d gr ssifsles prix de nos pavillons oeillets pro 60 x 90 cm sont d gr ssifs en cas d achats de plusieurs pi ces composez votre panier et b n ficiez d une r duction dans la limite des stocks disponibles quantit de deux et plus 2 quantit de cinq et plus 5 quantit de dix et plus 10 cette offre est valable sur tous nos produits
offers_corpus_english_v2_1000.jsonl,,200.0,200 d,,,16.0,16 h,,,,,,,,,,,115.0,115 g,g,115 g,,,,,0.25,461,spec_table_content,r f rence 8678 marque maxflags pavoisement et communication publicitaire dimensions env 60 x 90 cm mati res mat riels tissu polyester de qualit marine maille bloqu e 115 g m extr mement r sistant contre les d chirures longue dur e de vie accessoires pavillon avec double couture sur les bords deux oeillets en acier inoxydable utilisations utilisation priv e sur la maison et dans le jardin utilisation commerciale concessionnaires restaurants h tels bateaux livraison livraison rapide en 2 5 jours ouvr s et livraison gratuite d s 200 d achat dans toute la france m tropolitaine toute commande pass e et pay e en semaine avant 16 h 30 sera exp di e le jour m me recherche associ drapeau burgenland
offers_corpus_english_v2_1000.jsonl,,,,,,,,,,,,,,,,,,,,,,30.0,30 v,v,30 v,0.75,507,spec_table_content,umgebungstemperatur betrieb 25 c 55 c umgebungstemperatur lagerung transport 25 c 85 c zul ssige luftfeuchtigkeit lagerung transport 95 luftdruck betrieb 80 kpa 106 kpa bis zu 2000 m nn luftdruck lagerung transport 70 kpa 106 kpa bis zu 3000 m nn schutzart ip65 ip67 feldbussystem profinet benennung profinet anschlussart m12 steckverbinder d kodiert bezeichnung anschlussstelle kupferkabel bertragungsgeschwindigkeit 100 mbit s autonegotiation polzahl 4 feldbussystem profinet benennung profinet bertragungsgeschwindigkeit 100 mbit s benennung lokalbus gateway anschlussart m12 steckverbinder b kodiert bertragungsrate 500 kbaud 2 mbaud umschaltbar max anzahl lokalbusteilnehmer 16 max l nge lokalbus 20 m anschlussart m12 steckverbinder benennung ul versorgungsspannung 24 v dc versorgungsspannungsbereich 18 v dc 30 v dc welligkeit eingeschlossen versorgungsstrom 100 ma benennung eingang digitale eing nge anschlussart m12 steckverbinder anschlusstechnik 2 3 4 leiter anzahl der eing nge 8 iec 61131 2 typ 1 schutzbeschaltung kurzschluss schutz berlastschutz der sensorversorgung verpolschutz filterzeit 3 ms eingangskennlinie iec 61131 2 typ 1 eingangsspannung 24 v dc eingangsspannungsbereich 0 signal 30 v dc 5 v dc eingangsspannungsbereich 1 signal 13 v dc 30 v dc
offers_corpus_english_v2_1000.jsonl,,37.0,37 d,,,36.0,36 h,,,,,,,,,,,,,,,,,,,0.3333333333333333,508,key_value_pairs,"{'item': 'details', 'product id': '6442 000', 'sku': 'harde10775', 'manufacturer': 'harden furniture', 'dimensions': 'w 37 d 36 h 37', 'room': 'living room', 'category': 'chairs', 'style': 'traditional', 'type': 'club'}"
offers_corpus_english_v2_1000.jsonl,,37.0,37 d,,,36.0,36 h,,,,,,,,,,,,,,,,,,,0.25,508,spec_table_content,item details product id 6442 000 sku harde10775 manufacturer harden furniture dimensions w 37 d 36 h 37 room living room category chairs style traditional type club
offers_corpus_english_v2_1000.jsonl,,,,,,3.0,3 h,,,,,,,,,,,,,,,,,,,0.08333333333333333,513,description,mixology tooth pick stirstick organizer 3 h stainless steel
offers_corpus_english_v2_1000.jsonl,,,,,,,,,,,,,,,,,,9.0,9 00 lbs,lbs,9 00 lbs,,,,,0.75,514,spec_table_content,color primary black style straight cut tip type muffler silencer w o spark arrestor units each weight 9 00 lbs color primary black style straight cut tip type muffler silencer w o spark arrestor units each weight 9 00 lbs
offers_corpus_english_v2_1000.jsonl,,,,,,64.0,64 h,,,36.0,36 l,,,24.0,24 w,,,,,,,,,,,0.25,519,description,camshelving elements starter unit 24 w x 36 l x 64 h withstands temperatures from 36 f 30 c to 190 f 88 c includes 4 non corrosive composite stationary posts with leveling feet installed pre assembled with glass filled polypropylene post connectors and resin polypropylene wedges 1 bag of 32 count resin nylon stationary traverse dovetails 4 reinforced polypropylene with camguard antimicrobial protection vented shelf plates 8 stationary traverses instructions brushed graphite nsf
offers_corpus_english_v2_1000.jsonl,,,,,,,,,,,,,,,,,,50.0,50 lb,lb,50 lb,,,,,0.5,521,description,50 lb bagneeds fewer applications than rock saltmelts effectively to 15 degrees
offers_corpus_english_v2_1000.jsonl,,,,,,,,,,3.8,3 8 l,,,,,,,,,,,,,,,0.125,534,spec_table_content,garment dimensions size chest body length sleeve s 18 28 8 1 8 m 20 29 8 3 8 l 22 30 8 5 8 xl 24 31 8 7 8 2xl 26 33 9 5 8 3xl 28 34 10 1 8
offers_corpus_english_v2_1000.jsonl,,32.0,32 00 d,,,36.0,36 00 h,,,,,,,72.0,72 00 w,,,,,,,,,,,0.5,542,key_value_pairs,"{'weight': '285 00 pound s', 'dimensions': '36 00 h x 72 00 w x 32 00 d', 'top width side side': '72 overall', 'table type': 'island', 'base type': 'open with undershelf', 'top construction': 'wood', 'base construction': 'wood'}"
offers_corpus_english_v2_1000.jsonl,,,,,,36.0,36 h,,,72.0,72 l,,,32.0,32 w,,,,,,,,,,,0.25,542,description,tuscan island 72 l x 32 w x 36 h 1 3 4 thick hard rock maple edge grain top with varnique finish 2 utensil drawers slatted undershelf painted base with sand through finish large rope legs
offers_corpus_english_v2_1000.jsonl,,32.0,32 00 d,,,36.0,36 00 h,,,,,,,72.0,72 00 w,,,,,,,,,,,0.375,542,spec_table_content,specs and details weight 285 00 pound s dimensions 36 00 h x 72 00 w x 32 00 d top width side side 72 overall table type island base type open with undershelf top construction wood base construction wood
offers_corpus_english_v2_1000.jsonl,,,,,,,,,,,,,,,,,,280.0,280 g,g,280 g,,,,,0.5,621,description,"more hp premium plus high gloss high gloss white photo paper the official marketing text of hp premium plus high gloss high gloss white photo paper as supplied by the manufacturer key features bright vibrant colours for stunning studio quality photos impressive high gloss finish and matching in weight and thickness with professional photo papers produce prints that will resist fading for generations bright vibrant colours for stunning studio quality photos impressive quality finish through matching in weight and thickness with professional photo papers produce prints that will resist fading for generations short summary description hp premium plus high gloss high gloss white photo paper this short summary of the hp premium plus high gloss high gloss white photo paper data sheet is auto generated and uses the product title and the first six key specs hp premium plus high gloss 20 sheets high gloss white 15 35 c 4 1 lbs 1 86 kg 7 64 x 6 38 x 5 69 194 x 162 x 144 5 mm long summary description hp premium plus high gloss high gloss white photo paper hp premium plus high gloss sheets per pack 20 sheets finish type high gloss color of product white package weight 4 1 lbs 1 86 kg package dimensions wxdxh 7 64 x 6 38 x 5 69 194 x 162 x 144 5 mm paper dimensions 100 x 150 this is an auto generated long summary of hp premium plus high gloss high gloss white photo paper based on the first three specs of the first five spec groups ,  long product name hp premium plus high gloss high gloss white photo paper the short editorial description of hp premium plus high gloss high gloss white photo paper 20 sheets 100 x 150mm 280 g m white"
offers_corpus_english_v2_1000.jsonl,,,,,,,,,,,,,,,,,,143.0,143 00 lbs,lbs,143 00 lbs,,,,,1,629,key_value_pairs,"{'manufacturer': 'aquatic', 'color': 'almond', 'product collection': 'gelcoat', 'other info': 'drain included', 'trade tools': 'plumbing', 'mpn': '1423cm al', 'shipping dimensions': '34 0 x 42 0 x 75 0', 'weight': '143 00 lbs'}"
offers_corpus_english_v2_1000.jsonl,,,,,,,,,,,,,,,,,,143.0,143 00 lbs,lbs,143 00 lbs,,,,,0.75,629,spec_table_content,manufacturer aquatic color almond product collection gelcoat other info drain included trade tools plumbing mpn 1423cm al shipping dimensions 34 0 x 42 0 x 75 0 weight 143 00 lbs
offers_corpus_english_v2_1000.jsonl,,,,,,,,,,,,,,,,,,1500.0,1500 lb,lb,1500 lb,,,,,0.5,676,description,this cap 135 lb bumper weight plate set is ideal for people who are looking to build muscle made with the seasoned lifter in mind this set includes two 45 lb bumper plates one 7 foot olympic power bar 45 pound net weight and one pair of muscle clamp collars made of high impact plastic which will protect your neck while lifting the heavy duty power bar can hold up to 1500 lb set includes 1 pair 2 each of 45 lb bumper plates 2 olympic 7 power bar black 45 lb net weight 1 pair of muscle clamp collars made of high impact plastic weightlifting choice for cross fit enthusiasts athletic trainers and personal trainers extremely durable and odorless max weight cap 1500 lb including bar
offers_corpus_english_v2_1000.jsonl,,,,,,,,,,,,,,,,,,33.4,33 4 oz,oz,33 4 oz,,,,,1,679,key_value_pairs,"{'finish': 'black', 'type': 'revolver', 'action': 'single', 'caliber': '22 long rifle 22 magnum', 'barrel length': '6 5', 'capacity': '6', 'grips': 'cocobolo', 'sights': 'adjustable', 'weight': '33 4 oz'}"
offers_corpus_english_v2_1000.jsonl,,,,,,,,,,,,,,,,,,33.4,33 4 oz,oz,33 4 oz,,,,,0.75,679,spec_table_content,specifications finish black type revolver action single caliber 22 long rifle 22 magnum barrel length 6 5 capacity 6 grips cocobolo sights adjustable weight 33 4 oz
offers_corpus_english_v2_1000.jsonl,,200.0,200 d,,,,,,,,,,,,,,,,,,,,,,,0.08333333333333333,732,description,der tecowrap von vaude ist ein schlanker wickelbarer kulturbeutel mit vielseitigem innenleben f r beste ordnung der kulturbeutel hat einen haken zum aufh ngen zwei f cher mit rei verschluss diverse einsteckf cher zahnb rstenhalter und einen integrierten spiegel die geringen abmessungen sowie das flache design machen ihn zu einem platzsparenden begleiter vaude ist mitglied der fair wear foundation diese kulturtasche wird unter fairen bedingungen hergestellt und ist frei von kritischen chemikalien abmessungen ca 16 x 31 x 3 cm haken zum aufh ngen 2 rv f cher integrierter spiegel viele steckunterteilungen zahnb rstenhalter hauptstoff 100 polyester 600 d polyurethane coated kontrastmaterial 100 polyamid 210 d baby ripstop polyurethane coated futter 100 polyamid 200 d polyurethane coated
offers_corpus_english_v2_1000.jsonl,,,,,,,,,,,,,,,,,,296.4,296 4 g,g,296 4 g,,,,,0.5,785,description,men s new balance trail running shoes model leadville v3 br the leadville known previously as 1210 offers its owner a durable vibram tread reinforced and comfortable upper forefoot protection longer and more technical races br built for ultra runners with cushioning n2 revlite midsole vibram an experience on the border between possible and imaginary br br applied technologies br foam midsole compound revlite innovative 30 lighter while maintaining the same characteristics of cushioning and stability br n2 new reactive lasting and sustainable technology low profile cushioning allowing the foot to be closer to the ground br upper fantomfit is an upper skeletally engineered for lightweight support is created from the merger of two extremely thin materials through a seamless process br differential 8 mm for a more natural ride br vibram outsole for excellent grip br ferrule technology reinforced toe protector br sure lace classic snare for added fit in the race br seamless upper construction br anti bacterial treatment around ankle to reduce odours br lightly padded tongue soft low friction and maximum comfort br br category trail br weight 296 4 g br plant width d standard width foot br br color blue black red silver br br
offers_corpus_english_v2_1000.jsonl,,,,,,,,,,0.12,0 12 l,,,,,,,,,,,,,,,0.125,796,spec_table_content,girl s plus sizes 0 6 equivalent sizes bust waist low hip 0 12 l 40 42 34 36 44 46 1 14 1x 42 44 36 38 46 48 16 2 18 2x 46 48 40 42 50 52 20 3 22 3x 50 54 44 48 54 58 24 4 24 4x 54 58 48 52 58 62 26 5 26 5x 58 62 52 56 64 68 28 6 30 6x 64 68 guy s tops us uk eu chest xs 34 36 87 91 34 36 sm 36 38 91 97 36 38 md 38 40 97 102 38 40 l 40 42 102 107 40 42 xl 44 107 114 42 45 xxl 46 114 122 45 48 3xl 50 122 130 48 51 4xl 52 130 137 51 54 guy s bottoms us international waist hip xs 71 76 28 30 34 36 sm 76 81 30 32 36 38 md 81 86 32 34 38 40 l 86 91 34 36 40 42 xl 91 97 36 39 42 45 2xl 97 101 39 41 45 48 3xl 101 107 41 44 48 51 4xl 107 112 44 47 51 54 shoes girls us euro uk inches centimeters 4 35 2 8 1875 20 8 4 5 35 2 5 8 375 21 3 5 35 36 3 8 5 21 6 5 5 36 3 5 8 75 22 2 6 36 37 4 8 875 22 5 6 5 37 4 5 9 0625 23 7 37 38 5 9 25 23 5 7 5 38 5 5 9 375 23 8 8 38 39 6 9 5 24 1 8 5 39 6 5 9 6875 24 6 9 39 40 7 9 875 25 1 9 5 40 7 5 10 25 4 10 40 41 8 10 1875 25 9 10 5 41 8 5 10 3125 26 2 11 41 42 9 10 5 26 7 11 5 42 9 5 10 6875 27 1 12 42 43 10 10 875 27 6 shoes guys us euro uk inches centimeters 6 39 5 5 9 25 23 5 6 5 39 6 9 5 24 1 7 40 6 5 9 625 24 4 7 5 40 41 7 9 75 24 8 8 41 7 5 9 9375 25 4 8 5 41 42 8 10 125 25 7 9 42 8 5 10 25 26 9 5 42 43 9 10 4375 26 7 10 43 9 5 10 5625 27 10 5 43 44 10 10 75 27 3 11 44 10 5 10 9375 27 9 11 5 44 45 11 11 125 28 3 12 45 11 5 11 25 28 6 13 46 12 5 11 5625 29 4 girl s plus sizes 0 6 equivalent sizes bust waist low hip 0 12 l 40 42 34 36 44 46 1 14 1x 42 44 36 38 46 48 16 2 18 2x 46 48 40 42 50 52 20 3 22 3x 50 54 44 48 54 58 24 4 24 4x 54 58 48 52 58 62 26 5 26 5x 58 62 52 56 64 68 28 6 30 6x 64 68 guy s tops us uk eu chest xs 34 36 87 91 34 36 sm 36 38 91 97 36 38 md 38 40 97 102 38 40 l 40 42 102 107 40 42 xl 44 107 114 42 45 xxl 46 114 122 45 48 3xl 50 122 130 48 51 4xl 52 130 137 51 54 guy s bottoms us international waist hip xs 71 76 28 30 34 36 sm 76 81 30 32 36 38 md 81 86 32 34 38 40 l 86 91 34 36 40 42 xl 91 97 36 39 42 45 2xl 97 101 39 41 45 48 3xl 101 107 41 44 48 51 4xl 107 112 44 47 51 54 shoes girls us euro uk inches centimeters 4 35 2 8 1875 20 8 4 5 35 2 5 8 375 21 3 5 35 36 3 8 5 21 6 5 5 36 3 5 8 75 22 2 6 36 37 4 8 875 22 5 6 5 37 4 5 9 0625 23 7 37 38 5 9 25 23 5 7 5 38 5 5 9 375 23 8 8 38 39 6 9 5 24 1 8 5 39 6 5 9 6875 24 6 9 39 40 7 9 875 25 1 9 5 40 7 5 10 25 4 10 40 41 8 10 1875 25 9 10 5 41 8 5 10 3125 26 2 11 41 42 9 10 5 26 7 11 5 42 9 5 10 6875 27 1 12 42 43 10 10 875 27 6 shoes guys us euro uk inches centimeters 6 39 5 5 9 25 23 5 6 5 39 6 9 5 24 1 7 40 6 5 9 625 24 4 7 5 40 41 7 9 75 24 8 8 41 7 5 9 9375 25 4 8 5 41 42 8 10 125 25 7 9 42 8 5 10 25 26 9 5 42 43 9 10 4375 26 7 10 43 9 5 10 5625 27 10 5 43 44 10 10 75 27 3 11 44 10 5 10 9375 27 9 11 5 44 45 11 11 125 28 3 12 45 11 5 11 25 28 6 13 46 12 5 11 5625 29 4
offers_corpus_english_v2_1000.jsonl,,8.2,8 20 d,,,,,,,,,,,,,,,,,,,,,,,0.08333333333333333,799,description,dise ador ronan y erwan bouroullec fabricante axor colecci n bouroullec tipo grifo grifo de lavabo estilo vanguardista plazo de entrega 8 20 d as garant a 2 a os incluido cuerpo empotrado ref 10303180 m s detalles
offers_corpus_english_v2_1000.jsonl,,,,,,,,,,,,,,,,,,1.0,1 000 kg,kg,1 000 kg,,,,,0.75,834,spec_table_content,marke hersteller robert bosch gmbh power tools zustand nein sku artikelnr t 37936 sku hersteller 2608584620 gtin code ean 3165140262200 gewicht 1 000 kg
offers_corpus_english_v2_1000.jsonl,,64.0,64 d,,,87.0,87 h,,,,,,,,,,,,,,,,,,,0.3333333333333333,838,key_value_pairs,"{'item': 'details', 'product id': '955004', 'sku': 'guild11236', 'manufacturer': 'guildmaster', 'dimensions': 'w 64 d 87 h 60', 'room': 'bedroom', 'category': 'beds', 'style': 'transitional', 'type': 'panel'}"
offers_corpus_english_v2_1000.jsonl,,64.0,64 d,,,87.0,87 h,,,,,,,,,,,,,,,,,,,0.25,838,spec_table_content,item details product id 955004 sku guild11236 manufacturer guildmaster dimensions w 64 d 87 h 60 room bedroom category beds style transitional type panel
offers_corpus_english_v2_1000.jsonl,,,,,,,,,,,,,,,,,,22.0,22 lbs,lbs,22 lbs,,,,,0.5,851,description,premium industrial lug plt 328 18 7 8 size utqg max load inflation pressure tread depth tire weight rim width range sect width tread width overall diam 18 7 8 n a n a n a 15 32nds 22 lbs n a 7 n a 18 disclaimer purchase includes the armour premium industrial lug plt 328 tire only the wheel rim shown in the picture is not included picture provided is a stock picture from the manufacturer and may or may not reflect the actual product being ordered all armour premium industrial lug plt 328 tires are continuously developing with manufactured improvements with that said simple tire and the manufacturers have the right to change these tire specifications at any time without notice or obligation if you have any questions please email us at email protected please note specifications of the armour premium industrial lug plt 328 tires shown above are listed to be as accurate as possible based on the information provided to us by armour tires
offers_corpus_english_v2_1000.jsonl,,,,,,,,,,38.0,38 l,,,,,,,,,,,,,,,0.125,857,spec_table_content,size chart size size range bust size in xs 2 34 s 4 6 35 36 m 8 10 37 38 l 12 14 39 5 41 xl 16 18 42 5 44 5 2xl 20 46 3xl 22 47 5 4xl 24 49
offers_corpus_english_v2_1000.jsonl,,,,,,30.0,30 h,,,,,,,,,,,,,,,,,,,0.08333333333333333,875,description,storage shelfblue plywood30 h x 96 48 folded w x 15 30 folded d
offers_corpus_english_v2_1000.jsonl,,,,,,,,,,,,,,,,,,200.0,200 lbs,lbs,200 lbs,,,,,0.75,903,spec_table_content,warranty rustic natural cedar comes with a 5 year manufacturers limited warranty and our other products come with a limited one year warranty quick ship yes features made in usa shipping usa only material family wood color beige material wood accommodates 2 type table width 28 5 in height 36 in brand rustic natural cedar usa made yes weight capacity 200 lbs
offers_corpus_english_v2_1000.jsonl,,,,,,,,,,,,,,,,,,1.54,1 540 lbs,lbs,1 540 lbs,,,,,0.75,919,spec_table_content,item specifications brand finish global product type cleaners detergents automatic dishwasher detergent application automatic dishwasher detergent applicable material dishes glasses utensils chemical compound propylene glycol tetrasodium glutamate diacetate dirt types cooked on grease food particles oils soil scent orange physical form liquid packing type gelpac capacity weight 1 42 lbs number of tabs single use packs 32 compliance standards compliant with all of the various state phosphate regulations compliant with california proposition 65 compliant with the voc volatile organic compound limits including california compliant with tsca regulations pre consumer recycled content percent 0 post consumer recycled content percent 0 total recycled content percent 0 disclaimer statement finish products are for use in consumer friendly dishwashers dimensions specifications unit of measure ea item weight 1 540 lbs ships via ups y carton pack quantity 8 ea this item is sold by the ea manufacturer info brand finish manufacturer stock no 51700 81053 retail upc 051700810536 country of origin us tariff inbound code unspsc number 47131810 meets ansi bifma 051700810536 ots product id 9037128
offers_corpus_english_v2_1000.jsonl,,,,,,,,,,,,,,75.0,75 w,,,,,,,,,,,0.08333333333333333,928,description,12 vdc 6 25 a 75 w 9 36 vdc input range
offers_corpus_english_v2_1000.jsonl,,,,,,,,,,,,,,,,,,60.0,60 kg,kg,60 kg,,,,,0.5,950,description,trinkhorn methorn aus echtem horn ca 0 75 liter schon lange vor der zeit wikinger oder des mittelalters war das eines verbreitetsten trinkgef e hieraus wurde bei z nftigen gelagen nicht nur bekannte honigwein met genossen unsere trinkh rner meth dieser gr variieren und k nnen 700ml bis 899ml fassen die h sind von au en poliert was ihnen eine sehr glatte oberfl che verschafft innen sie lebensmittelecht lackiert bitte beachtet es gibt immer einzelst cke da sich um naturprodukte handelt farbw nsche nnt ihr in dem bermerkungsfeld bestellung hinterlegen diese werden so weit wie m glich ber cksichtigt auch tats chliche f llmenge kann vom nennvolumen abweichen llvolumen literversandgewicht 60 kg
offers_corpus_english_v2_1000.jsonl,,,,,,,,,,,,,,,,,,2.0,2 oz,oz,2 oz,,,,,0.5,959,description,the 025 td traditional 2 oz sauce dish from get enterprises is available from tundra restaurant supply as well as other asian melamine
offers_corpus_english_v2_1000.jsonl,,,,,,11.0,11 h,,,,,,,34.0,34 w,,,12.0,12 lbs,lbs,12 lbs,,,,,0.16666666666666666,971,description,long edge lit restaurant sign the edge lit restaurant sign like a lighted frame draws a great deal of attention to signage in a room with poor lighting pictures for the display can be created from a regular computer printer the led edge lit restaurant sign that is designed for lighting menus will accommodate two 11x17 sheets of paper showcase large graphics in this giant display the edge lit restaurant that is made of plastic has metal stand offs and has a short depth unlike most lighted frames this piece allows stores to highlight posters without sticking out far from a wall this extra big edge lit restaurant sign that plugs into a wall socket runs off less electricity than illuminated displays requiring traditional bulbs the light emitting diode panel inside the frame provides an intense light while remaining cool the large edge lit restaurant sign is superb to hang near an exits or any other high prominence areas this product displays posters in between a couple of acrylic panels that are secured together with metal standoffs this electric edge lit restaurant sign can hold a menu making it great signage in a restaurant near an entranceway posters can be changed out of the illuminated frame by unscrewing the four standoffs this light up display edge lit restaurant sign is made of acrylic making it weigh less than shadow boxes made of metal click here for wall mounting instructions please note allow for 1 4 border around your 34 x11 photo dimensions overall 39 1 4 w x 15 1 2 h x 1 1 8 d includes depth of stand off insert size 34 w x 11 h cord length 107 weight 12 lbs
offers_corpus_english_v2_1000.jsonl,,,,,,,,,,,,,,,,,,16.0,16 oz,oz,16 oz,,,,,0.75,985,spec_table_content,height 5 588cm 2 2 in width 18 034cm 7 1 in depth 18 034cm 7 1 in capacity 473 1765ml 16 oz dishwasher safe yes microwave safe yes is in gift box no type bowls material stoneware
